True,Improved GNN,SVM,LR
0.26,0.12330679,0.11637663640912321,0.18000006045778613
0.03,0.09195804,0.11012265615166192,0.06000002775342945
0.06,0.0962025,0.11786795454886478,0.2599998982048019
0.18,0.18323706,0.11006300523621096,0.029999991871822576
0.17,0.15682323,0.1151246277961061,0.17000003577188666
